timestamp,duty_cycle,speed_mps
693,0,0.0005
12:02:34.694,0,0.0003
12:02:34.694,0,0.0002
12:02:34.694,0,0.0001
12:02:34.812,0,0.0001
12:02:35.014,0,0.0001
12:02:35.215,0,0.0
12:02:35.417,0,0.0
12:02:35.618,1,0.0
12:02:35.819,1,0.0
12:02:36.021,1,0.0
12:02:36.223,1,0.0
12:02:36.424,1,0.0
12:02:36.625,1,0.0
12:02:36.827,1,0.0
12:02:37.029,1,0.0
12:02:37.229,1,0.0
12:02:37.430,1,0.0
12:02:37.633,2,0.0
12:02:37.834,2,0.0
12:02:38.035,2,0.0
12:02:38.237,2,0.0
12:02:38.439,2,0.0
12:02:38.639,2,0.0
12:02:38.842,2,0.0
12:02:39.043,2,0.0
12:02:39.244,2,0.0
12:02:39.446,2,0.0
12:02:39.647,3,0.0
12:02:39.849,3,0.0
12:02:40.050,3,0.0
12:02:40.252,3,0.0
12:02:40.453,3,0.0
12:02:40.655,3,0.0
12:02:40.856,3,0.0
12:02:41.058,3,0.0
12:02:41.258,3,0.0
12:02:41.460,3,0.0
12:02:41.662,4,0.0
12:02:41.864,4,0.0
12:02:42.065,4,0.0
12:02:42.266,4,0.0
12:02:42.467,4,0.0
12:02:42.669,4,0.0
12:02:42.871,4,0.0
12:02:43.072,4,0.0
12:02:43.273,4,0.0
12:02:43.475,4,0.0
12:02:43.676,5,0.0
12:02:43.877,5,0.0
12:02:44.079,5,0.0
12:02:44.281,5,0.0
12:02:44.482,5,0.0
12:02:44.684,5,0.0
12:02:44.886,5,0.0
12:02:45.086,5,0.0
12:02:45.288,5,0.0
12:02:45.490,5,0.0
12:02:45.691,6,0.0
12:02:45.893,6,0.0
12:02:46.094,6,0.0
12:02:46.295,6,0.0
12:02:46.496,6,0.0
12:02:46.698,6,0.0
12:02:46.899,6,0.0
12:02:47.101,6,0.0
12:02:47.303,6,0.0
12:02:47.504,6,0.0
12:02:47.705,7,0.0
12:02:47.907,7,0.0
12:02:48.108,7,0.0
12:02:48.310,7,0.0
12:02:48.512,7,0.0
12:02:48.713,7,0.0
12:02:48.914,7,0.0
12:02:49.116,7,0.0
12:02:49.317,7,0.0
12:02:49.518,7,0.0
12:02:49.719,8,0.0
12:02:49.922,8,0.0
12:02:50.123,8,0.0
12:02:50.324,8,0.0
12:02:50.526,8,0.0
12:02:50.727,8,0.0
12:02:50.928,8,0.0
12:02:51.131,8,0.0
12:02:51.332,8,0.0
12:02:51.533,8,0.0
12:02:51.735,9,0.0
12:02:51.936,9,0.0
12:02:52.138,9,0.0
12:02:52.340,9,0.0
12:02:52.540,9,0.0
12:02:52.742,9,0.0
12:02:52.944,9,0.0
12:02:53.145,9,0.0
12:02:53.346,9,0.0
12:02:53.547,9,0.0
12:02:53.749,10,0.0
12:02:53.951,10,0.0
12:02:54.152,10,0.0
12:02:54.354,10,0.0
12:02:54.555,10,0.0
12:02:54.757,10,0.0
12:02:54.959,10,0.0
12:02:55.160,10,0.0
12:02:55.361,10,0.0
12:02:55.563,10,0.0
12:02:55.764,11,0.0
12:02:55.965,11,0.0
12:02:56.166,11,0.0
12:02:56.368,11,0.0
12:02:56.570,11,0.0
12:02:56.771,11,0.0
12:02:56.973,11,0.0
12:02:57.174,11,0.0
12:02:57.375,11,0.0
12:02:57.577,11,0.0
12:02:57.779,12,0.0
12:02:57.980,12,0.0
12:02:58.182,12,0.0
12:02:58.383,12,0.0
12:02:58.584,12,0.0
12:02:58.786,12,0.0
12:02:58.987,12,0.0
12:02:59.188,12,0.0
12:02:59.390,12,0.0
12:02:59.592,12,0.0
12:02:59.793,13,0.0
12:02:59.994,13,0.0
12:03:00.196,13,0.0
12:03:00.398,13,0.0
12:03:00.599,13,0.0
12:03:00.801,13,0.0
12:03:01.002,13,0.0
12:03:01.203,13,0.0
12:03:01.405,13,0.0
12:03:01.607,13,0.0
12:03:01.808,14,0.0
12:03:02.009,14,0.0
12:03:02.211,14,0.0
12:03:02.412,14,0.0
12:03:02.613,14,0.0
12:03:02.815,14,0.0
12:03:03.016,14,0.0
12:03:03.217,14,0.0
12:03:03.419,14,0.0
12:03:03.621,14,0.0
12:03:03.822,15,0.0
12:03:04.024,15,0.0
12:03:04.225,15,0.0
12:03:04.427,15,0.0
12:03:04.629,15,0.0
12:03:04.830,15,0.0
12:03:05.031,15,0.0
12:03:05.233,15,0.0
12:03:05.434,15,0.0
12:03:05.635,15,0.0
12:03:05.836,16,0.0
12:03:06.038,16,0.0
12:03:06.240,16,0.0
12:03:06.441,16,0.0
12:03:06.643,16,0.0
12:03:06.844,16,0.0
12:03:07.046,16,0.0
12:03:07.247,16,0.0
12:03:07.448,16,0.0
12:03:07.649,16,0.0
12:03:07.852,17,0.0
12:03:08.054,17,0.0
12:03:08.254,17,0.0
12:03:08.456,17,0.0
12:03:08.657,17,0.0
12:03:08.858,17,0.0
12:03:09.061,17,0.0
12:03:09.262,17,0.0
12:03:09.463,17,0.0
12:03:09.665,17,0.0
12:03:09.866,18,0.0
12:03:10.067,18,0.0
12:03:10.269,18,0.0
12:03:10.471,18,0.0
12:03:10.672,18,0.0
12:03:10.873,18,0.0
12:03:11.075,18,0.0
12:03:11.276,18,0.0
12:03:11.477,18,0.0
12:03:11.679,18,0.0
12:03:11.881,19,0.0
12:03:12.082,19,0.0
12:03:12.283,19,0.0
12:03:12.485,19,0.0
12:03:12.686,19,0.0
12:03:12.888,19,0.0
12:03:13.089,19,0.0
12:03:13.291,19,0.0
12:03:13.492,19,0.0
12:03:13.694,19,0.0
12:03:13.895,20,0.0
12:03:14.096,20,0.0
12:03:14.298,20,0.0
12:03:14.500,20,0.0
12:03:14.701,20,0.0
12:03:14.903,20,0.0
12:03:15.104,20,0.0
12:03:15.305,20,0.0
12:03:15.506,20,0.0
12:03:15.708,20,0.0
12:03:15.910,21,0.0
12:03:16.111,21,0.0
12:03:16.313,21,0.0
12:03:16.514,21,0.0
12:03:16.715,21,0.0
12:03:16.918,21,0.0
12:03:17.118,21,0.0
12:03:17.319,21,0.0
12:03:17.522,21,0.0
12:03:17.723,21,0.0
12:03:17.924,22,0.0
12:03:18.126,22,0.0
12:03:18.328,22,0.0
12:03:18.529,22,0.0
12:03:18.729,22,0.0
12:03:18.932,22,0.0
12:03:19.133,22,0.0
12:03:19.334,22,0.0
12:03:19.536,22,0.0
12:03:19.737,22,0.0
12:03:19.939,23,0.0
12:03:20.141,23,0.0
12:03:20.342,23,0.0
12:03:20.543,23,0.0
12:03:20.745,23,0.0
12:03:20.947,23,0.0
12:03:21.147,23,0.0
12:03:21.349,23,0.0
12:03:21.552,23,0.0
12:03:21.752,23,0.0
12:03:21.953,24,0.0
12:03:22.155,24,0.0
12:03:22.356,24,0.0
12:03:22.558,24,0.0
12:03:22.759,24,0.0
12:03:22.961,24,0.0
12:03:23.162,24,0.0
12:03:23.364,24,0.0
12:03:23.565,24,0.0
12:03:23.766,24,0.0
12:03:23.968,25,0.0
12:03:24.170,25,0.0
12:03:24.371,25,0.0
12:03:24.573,25,0.0
12:03:24.774,25,0.0
12:03:24.975,25,0.0
12:03:25.176,25,0.0
12:03:25.378,25,0.0
12:03:25.580,25,0.0
12:03:25.781,25,0.0
12:03:25.983,26,0.0
12:03:26.184,26,0.0
12:03:26.385,26,0.0
12:03:26.587,26,0.0
12:03:26.789,26,0.0
12:03:26.990,26,0.0
12:03:27.192,26,0.0
12:03:27.393,26,0.0
12:03:27.594,26,0.0
12:03:27.796,26,0.0
12:03:27.997,27,0.0
12:03:28.198,27,0.0
12:03:28.400,27,0.0
12:03:28.602,27,0.0
12:03:28.803,27,0.0
12:03:29.004,27,0.0
12:03:29.206,27,0.0
12:03:29.407,27,0.0
12:03:29.609,27,0.0
12:03:29.811,27,0.0
12:03:30.012,28,0.0
12:03:30.213,28,0.0
12:03:30.415,28,0.0
12:03:30.617,28,0.0
12:03:30.817,28,0.0
12:03:31.019,28,0.0
12:03:31.221,28,0.0
12:03:31.422,28,0.0
12:03:31.623,28,0.0
12:03:31.825,28,0.0
12:03:32.026,29,0.0
12:03:32.228,29,0.0
12:03:32.429,29,0.0
12:03:32.630,29,0.0
12:03:32.832,29,0.0
12:03:33.034,29,0.0
12:03:33.235,29,0.0
12:03:33.436,29,0.0
12:03:33.638,29,0.0
12:03:33.840,29,0.0
12:03:34.041,30,0.0
12:03:34.243,30,0.0
12:03:34.444,30,0.0
12:03:34.645,30,0.0
12:03:34.846,30,0.0
12:03:35.048,30,0.0
12:03:35.250,30,0.0
12:03:35.451,30,0.0
12:03:35.653,30,0.0
12:03:35.854,30,0.0
12:03:36.055,31,0.0
12:03:36.257,31,0.0
12:03:36.458,31,0.0
12:03:36.659,31,0.0
12:03:36.862,31,0.0
12:03:37.063,31,0.0
12:03:37.264,31,0.0
12:03:37.466,31,0.0
12:03:37.667,31,0.0
12:03:37.869,31,0.0
12:03:38.070,32,0.0
12:03:38.271,32,0.0
12:03:38.473,32,0.0
12:03:38.674,32,0.0
12:03:38.876,32,0.0
12:03:39.078,32,0.0
12:03:39.279,32,0.0
12:03:39.481,32,0.0
12:03:39.682,32,0.0
12:03:39.883,32,0.0
12:03:40.085,33,0.0
12:03:40.286,33,0.0
12:03:40.487,33,0.0
12:03:40.689,33,0.0
12:03:40.891,33,0.0
12:03:41.092,33,0.0
12:03:41.293,33,0.0
12:03:41.495,33,0.0
12:03:41.696,33,0.0007
12:03:41.897,33,0.0005
12:03:42.099,34,0.0003
12:03:42.300,34,0.0002
12:03:42.502,34,0.0001
12:03:42.704,34,0.0001
12:03:42.905,34,0.0001
12:03:43.106,34,0.0
12:03:43.308,34,0.0
12:03:43.510,34,0.0
12:03:43.711,34,0.0
12:03:43.913,34,0.0
12:03:44.114,35,0.0
12:03:44.316,35,0.0
12:03:44.516,35,0.0
12:03:44.718,35,0.0
12:03:44.920,35,0.0
12:03:45.121,35,0.0
12:03:45.323,35,0.0
12:03:45.524,35,0.0
12:03:45.725,35,0.0
12:03:45.927,35,0.0
12:03:46.129,36,0.0
12:03:46.329,36,0.0
12:03:46.532,36,0.0
12:03:46.733,36,0.0
12:03:46.934,36,0.0
12:03:47.136,36,0.0
12:03:47.337,36,0.0
12:03:47.539,36,0.0
12:03:47.739,36,0.0
12:03:47.941,36,0.0
12:03:48.143,37,0.0
12:03:48.344,37,0.0
12:03:48.546,37,0.0
12:03:48.747,37,0.0
12:03:48.949,37,0.0
12:03:49.151,37,0.0
12:03:49.352,37,0.0
12:03:49.553,37,0.0007
12:03:49.755,37,0.0005
12:03:49.956,37,0.0017
12:03:50.157,38,0.0018
12:03:50.359,38,0.0012
12:03:50.561,38,0.0008
12:03:50.762,38,0.0005
12:03:50.963,38,0.0003
12:03:51.165,38,0.0009
12:03:51.366,38,0.002
12:03:51.567,38,0.002
12:03:51.769,38,0.0013
12:03:51.971,38,0.0008
12:03:52.172,39,0.0005
12:03:52.374,39,0.0004
12:03:52.575,39,0.0002
12:03:52.776,39,0.0002
12:03:52.978,39,0.0001
12:03:53.179,39,0.0001
12:03:53.381,39,0.0
12:03:53.583,39,0.0
12:03:53.784,39,0.0
12:03:53.985,39,0.0
12:03:54.186,40,0.0
12:03:54.388,40,0.0
12:03:54.590,40,0.0
12:03:54.791,40,0.0
12:03:54.993,40,0.0
12:03:55.194,40,0.0
12:03:55.395,40,0.0
12:03:55.597,40,0.0
12:03:55.798,40,0.0
12:03:55.999,40,0.0
12:03:56.202,41,0.0
12:03:56.403,41,0.0
12:03:56.605,41,0.0
12:03:56.806,41,0.0
12:03:57.008,41,0.0
12:03:57.209,41,0.0
12:03:57.410,41,0.0
12:03:57.612,41,0.0
12:03:57.813,41,0.0
12:03:58.014,41,0.0
12:03:58.216,42,0.0
12:03:58.417,42,0.0
12:03:58.619,42,0.0
12:03:58.821,42,0.0
12:03:59.022,42,0.0
12:03:59.223,42,0.0
12:03:59.425,42,0.0
12:03:59.626,42,0.0
12:03:59.827,42,0.0
12:04:00.030,42,0.0
12:04:00.231,43,0.0
12:04:00.432,43,0.0
12:04:00.633,43,0.0
12:04:00.835,43,0.0
12:04:01.036,43,0.0
12:04:01.237,43,0.0
12:04:01.439,43,0.0
12:04:01.641,43,0.0
12:04:01.842,43,0.0
12:04:02.044,43,0.0007
12:04:02.245,44,0.0026
12:04:02.446,44,0.0045
12:04:02.648,44,0.0057
12:04:02.850,44,0.0037
12:04:03.051,44,0.0031
12:04:03.253,44,0.0055
12:04:03.454,44,0.005
12:04:03.655,44,0.0054
12:04:03.856,44,0.0042
12:04:04.058,44,0.0034
12:04:04.260,45,0.0043
12:04:04.461,45,0.0084
12:04:04.663,45,0.0118
12:04:04.864,45,0.0147
12:04:05.065,45,0.0166
12:04:05.267,45,0.0185
12:04:05.469,45,0.0204
12:04:05.670,45,0.0217
12:04:05.872,45,0.0225
12:04:06.073,45,0.0238
12:04:06.274,46,0.0246
12:04:06.476,46,0.0258
12:04:06.677,46,0.028
12:04:06.879,46,0.0301
12:04:07.080,46,0.0315
12:04:07.282,46,0.0324
12:04:07.483,46,0.033
12:04:07.684,46,0.0341
12:04:07.886,46,0.0348
12:04:08.087,46,0.0345
12:04:08.289,47,0.0351
12:04:08.491,47,0.0368
12:04:08.692,47,0.0394
12:04:08.894,47,0.041
12:04:09.095,47,0.0421
12:04:09.297,47,0.0435
12:04:09.497,47,0.0444
12:04:09.700,47,0.045
12:04:09.901,47,0.0454
12:04:10.102,47,0.0463
12:04:10.303,48,0.0469
12:04:10.505,48,0.0487
12:04:10.707,48,0.0506
12:04:10.907,48,0.0518
12:04:11.109,48,0.0533
12:04:11.311,48,0.0543
12:04:11.512,48,0.0556
12:04:11.714,48,0.0558
12:04:11.915,48,0.0559
12:04:12.116,48,0.056
12:04:12.318,49,0.0567
12:04:12.520,49,0.0579
12:04:12.720,49,0.0601
12:04:12.923,49,0.0615
12:04:13.124,49,0.0624
12:04:13.326,49,0.0637
12:04:13.526,49,0.0632
12:04:13.729,49,0.0642
12:04:13.930,49,0.0649
12:04:14.131,49,0.066
12:04:14.333,50,0.0667
12:04:14.534,50,0.0686
12:04:14.735,50,0.0706
12:04:14.937,50,0.0725
12:04:15.138,50,0.0731
12:04:15.340,50,0.0742
12:04:15.542,50,0.0748
12:04:15.743,50,0.076
12:04:15.944,50,0.076
12:04:16.146,50,0.0761
12:04:16.347,51,0.0768
12:04:16.548,51,0.0787
12:04:16.750,51,0.0806
12:04:16.952,51,0.0825
12:04:17.153,51,0.0831
12:04:17.354,51,0.0835
12:04:17.556,51,0.0837
12:04:17.757,51,0.0853
12:04:17.959,51,0.0863
12:04:18.160,51,0.0876
12:04:18.362,52,0.0885
12:04:18.563,52,0.0898
12:04:18.765,52,0.092
12:04:18.966,52,0.0935
12:04:19.168,52,0.0951
12:04:19.370,52,0.0969
12:04:19.571,52,0.0973
12:04:19.772,52,0.099
12:04:19.973,52,0.0994
12:04:20.175,52,0.1004
12:04:20.376,53,0.1003
12:04:20.578,53,0.1017
12:04:20.779,53,0.104
12:04:20.981,53,0.1054
12:04:21.182,53,0.1071
12:04:21.384,53,0.1082
12:04:21.585,53,0.1096
12:04:21.786,53,0.1105
12:04:21.988,53,0.1111
12:04:22.190,53,0.1115
12:04:22.390,54,0.1117
12:04:22.593,54,0.1133
12:04:22.794,54,0.115
12:04:22.995,54,0.1175
12:04:23.197,54,0.1192
12:04:23.398,54,0.1202
12:04:23.600,54,0.1209
12:04:23.801,54,0.1214
12:04:24.003,54,0.1224
12:04:24.204,54,0.123
12:04:24.406,55,0.1227
12:04:24.607,55,0.1233
12:04:24.809,55,0.125
12:04:25.010,55,0.1261
12:04:25.212,55,0.1283
12:04:25.413,55,0.1297
12:04:25.614,55,0.1313
12:04:25.816,55,0.1323
12:04:26.017,55,0.133
12:04:26.218,55,0.1334
12:04:26.420,56,0.133
12:04:26.622,56,0.1348
12:04:26.823,56,0.1374
12:04:27.024,56,0.1398
12:04:27.226,56,0.1414
12:04:27.427,56,0.1424
12:04:27.629,56,0.1437
12:04:27.831,56,0.1446
12:04:28.032,56,0.1452
12:04:28.233,56,0.1463
12:04:28.435,57,0.147
12:04:28.636,57,0.1481
12:04:28.837,57,0.151
12:04:29.039,57,0.1528
12:04:29.241,57,0.1547
12:04:29.442,57,0.1546
12:04:29.643,57,0.1545
12:04:29.845,57,0.1551
12:04:30.046,57,0.1562
12:04:30.248,57,0.1576
12:04:30.449,58,0.1586
12:04:30.651,58,0.1592
12:04:30.852,58,0.1617
12:04:31.054,58,0.1647
12:04:31.255,58,0.166
12:04:31.456,58,0.1668
12:04:31.658,58,0.168
12:04:31.860,58,0.1688
12:04:32.061,58,0.1693
12:04:32.263,58,0.1704
12:04:32.464,59,0.1704
12:04:32.665,59,0.171
12:04:32.866,59,0.1736
12:04:33.068,59,0.1752
12:04:33.269,59,0.1763
12:04:33.471,59,0.177
12:04:33.673,59,0.1789
12:04:33.874,59,0.1794
12:04:34.075,59,0.1804
12:04:34.277,59,0.1811
12:04:34.478,60,0.1808
12:04:34.680,60,0.1821
12:04:34.882,60,0.1843
12:04:35.083,60,0.1857
12:04:35.284,60,0.1859
12:04:35.486,60,0.1875
12:04:35.688,60,0.1878
12:04:35.888,60,0.1887
12:04:36.089,60,0.1886
12:04:36.292,60,0.1892
12:04:36.494,61,0.1882
12:04:36.694,61,0.1889
12:04:36.896,61,0.1915
12:04:37.097,61,0.1932
12:04:37.299,61,0.1943
12:04:37.500,61,0.1964
12:04:37.702,61,0.1971
12:04:37.903,61,0.1968
12:04:38.105,61,0.1974
12:04:38.306,61,0.1977
12:04:38.507,62,0.1972
12:04:38.709,62,0.199
12:04:38.911,62,0.2009
12:04:39.112,62,0.2021
12:04:39.313,62,0.2043
12:04:39.515,62,0.2057
12:04:39.717,62,0.206
12:04:39.917,62,0.2068
12:04:40.119,62,0.2074
12:04:40.321,62,0.207
12:04:40.522,63,0.2068
12:04:40.724,63,0.208
12:04:40.925,63,0.2096
12:04:41.126,63,0.2113
12:04:41.328,63,0.2124
12:04:41.530,63,0.2124
12:04:41.731,63,0.2131
12:04:41.933,63,0.2128
12:04:42.134,63,0.212
12:04:42.335,63,0.2121
12:04:42.536,64,0.2115
12:04:42.738,64,0.2132
12:04:42.940,64,0.2143
12:04:43.141,64,0.2158
12:04:43.343,64,0.2181
12:04:43.544,64,0.2189
12:04:43.746,64,0.2194
12:04:43.947,64,0.2191
12:04:44.148,64,0.2188
12:04:44.350,64,0.2194
12:04:44.552,65,0.2197
12:04:44.753,65,0.2207
12:04:44.954,65,0.2227
12:04:45.156,65,0.2247
12:04:45.357,65,0.226
12:04:45.559,65,0.2268
12:04:45.760,65,0.2267
12:04:45.962,65,0.228
12:04:46.163,65,0.2281
12:04:46.364,65,0.2282
12:04:46.566,66,0.229
12:04:46.767,66,0.2302
12:04:46.968,66,0.2324
12:04:47.170,66,0.2338
12:04:47.372,66,0.2347
12:04:47.573,66,0.2346
12:04:47.775,66,0.2353
12:04:47.976,66,0.235
12:04:48.177,66,0.2355
12:04:48.380,66,0.2358
12:04:48.581,67,0.2353
12:04:48.782,67,0.2364
12:04:48.983,67,0.2385
12:04:49.185,67,0.2406
12:04:49.386,67,0.2426
12:04:49.587,67,0.2433
12:04:49.789,67,0.2437
12:04:49.991,67,0.2447
12:04:50.192,67,0.2446
12:04:50.394,67,0.2452
12:04:50.595,68,0.2443
12:04:50.796,68,0.245
12:04:50.998,68,0.2476
12:04:51.199,68,0.2493
12:04:51.400,68,0.2497
12:04:51.603,68,0.25
12:04:51.804,68,0.2501
12:04:52.005,68,0.251
12:04:52.206,68,0.2508
12:04:52.408,68,0.2507
12:04:52.609,69,0.2499
12:04:52.811,69,0.2508
12:04:53.013,69,0.2528
12:04:53.214,69,0.2541
12:04:53.415,69,0.2549
12:04:53.617,69,0.2569
12:04:53.818,69,0.2574
12:04:54.019,69,0.2578
12:04:54.222,69,0.258
12:04:54.423,69,0.2589
12:04:54.624,70,0.2594
12:04:54.826,70,0.2605
12:04:55.027,70,0.2612
12:04:55.229,70,0.2623
12:04:55.429,70,0.2638
12:04:55.632,70,0.2647
12:04:55.833,70,0.2646
12:04:56.034,70,0.2653
12:04:56.236,70,0.2657
12:04:56.437,70,0.2653
12:04:56.638,71,0.2643
12:04:56.840,71,0.2658
12:04:57.042,71,0.2674
12:04:57.243,71,0.2685
12:04:57.445,71,0.2699
12:04:57.646,71,0.2708
12:04:57.847,71,0.2714
12:04:58.049,71,0.2725
12:04:58.251,71,0.2718
12:04:58.452,71,0.2727
12:04:58.653,72,0.2727
12:04:58.855,72,0.2733
12:04:59.056,72,0.2744
12:04:59.257,72,0.2766
12:04:59.459,72,0.2786
12:04:59.661,72,0.2793
12:04:59.862,72,0.2783
12:05:00.064,72,0.2798
12:05:00.265,72,0.2793
12:05:00.466,72,0.279
12:05:00.668,73,0.2789
12:05:00.870,73,0.2794
12:05:01.071,73,0.2798
12:05:01.273,73,0.2815
12:05:01.474,73,0.2818
12:05:01.675,73,0.2821
12:05:01.877,73,0.2836
12:05:02.079,73,0.2839
12:05:02.280,73,0.2841
12:05:02.481,73,0.2843
12:05:02.683,74,0.2844
12:05:02.884,74,0.2844
12:05:03.085,74,0.2859
12:05:03.287,74,0.2875
12:05:03.488,74,0.2879
12:05:03.690,74,0.2888
12:05:03.892,74,0.2901
12:05:04.093,74,0.2895
12:05:04.294,74,0.2892
12:05:04.496,74,0.2897
12:05:04.698,75,0.2893
12:05:04.898,75,0.2904
12:05:05.099,75,0.2919
12:05:05.302,75,0.2928
12:05:05.503,75,0.2934
12:05:05.704,75,0.2938
12:05:05.906,75,0.2941
12:05:06.107,75,0.2949
12:05:06.309,75,0.2948
12:05:06.510,75,0.2947
12:05:06.712,76,0.2946
12:05:06.913,76,0.2953
12:05:07.115,76,0.2971
12:05:07.316,76,0.2983
12:05:07.517,76,0.2984
12:05:07.719,76,0.2999
12:05:07.921,76,0.2994
12:05:08.122,76,0.2991
12:05:08.323,76,0.2996
12:05:08.525,76,0.3006
12:05:08.726,77,0.2999
12:05:08.927,77,0.3008
12:05:09.129,77,0.3028
12:05:09.331,77,0.3041
12:05:09.532,77,0.305
12:05:09.734,77,0.3048
12:05:09.935,77,0.3047
12:05:10.136,77,0.3047
12:05:10.338,77,0.3039
12:05:10.540,77,0.3027
12:05:10.741,78,0.3027
12:05:10.943,78,0.304
12:05:11.144,78,0.3056
12:05:11.345,78,0.3074
12:05:11.546,78,0.3085
12:05:11.748,78,0.3092
12:05:11.950,78,0.3097
12:05:12.150,78,0.3093
12:05:12.353,78,0.3097
12:05:12.554,78,0.3093
12:05:12.755,79,0.3098
12:05:12.957,79,0.3107
12:05:13.158,79,0.3114
12:05:13.360,79,0.3132
12:05:13.562,79,0.3151
12:05:13.763,79,0.3149
12:05:13.964,79,0.3148
12:05:14.166,79,0.3154
12:05:14.367,79,0.3151
12:05:14.568,79,0.3149
12:05:14.769,80,0.3155
12:05:14.972,80,0.3173
12:05:15.173,80,0.3177
12:05:15.374,80,0.3194
12:05:15.576,80,0.3212
12:05:15.777,80,0.321
12:05:15.978,80,0.3216
12:05:16.180,80,0.3219
12:05:16.382,80,0.3215
12:05:16.583,80,0.3219
12:05:16.785,81,0.3235
12:05:16.986,81,0.3239
12:05:17.188,81,0.3248
12:05:17.389,81,0.3262
12:05:17.591,81,0.327
12:05:17.792,81,0.3269
12:05:17.993,81,0.3275
12:05:18.195,81,0.3286
12:05:18.396,81,0.3279
12:05:18.598,81,0.3274
12:05:18.799,82,0.3271
12:05:19.001,82,0.3276
12:05:19.202,82,0.328
12:05:19.404,82,0.3303
12:05:19.605,82,0.3318
12:05:19.806,82,0.3321
12:05:20.008,82,0.3344
12:05:20.209,82,0.3345
12:05:20.410,82,0.3338
12:05:20.613,82,0.3341
12:05:20.814,83,0.3336
12:05:21.015,83,0.3332
12:05:21.216,83,0.3351
12:05:21.418,83,0.337
12:05:21.620,83,0.3369
12:05:21.821,83,0.3375
12:05:22.022,83,0.3386
12:05:22.224,83,0.3386
12:05:22.425,83,0.3379
12:05:22.627,83,0.3382
12:05:22.828,84,0.3369
12:05:23.030,84,0.3375
12:05:23.232,84,0.3393
12:05:23.433,84,0.3398
12:05:23.634,84,0.3408
12:05:23.836,84,0.3421
12:05:24.038,84,0.3423
12:05:24.238,84,0.3424
12:05:24.439,84,0.3432
12:05:24.642,84,0.3444
12:05:24.843,85,0.3438
12:05:25.044,85,0.3434
12:05:25.246,85,0.3438
12:05:25.447,85,0.3441
12:05:25.648,85,0.345
12:05:25.851,85,0.347
12:05:26.052,85,0.3475
12:05:26.253,85,0.3479
12:05:26.455,85,0.3496
12:05:26.656,85,0.3492
12:05:26.858,86,0.349
12:05:27.059,86,0.351
12:05:27.261,86,0.3523
12:05:27.462,86,0.3524
12:05:27.663,86,0.3511
12:05:27.865,86,0.3516
12:05:28.066,86,0.3513
12:05:28.267,86,0.3511
12:05:28.469,86,0.3516
12:05:28.671,86,0.3513
12:05:28.872,87,0.3511
12:05:29.074,87,0.3523
12:05:29.275,87,0.3531
12:05:29.476,87,0.3544
12:05:29.678,87,0.3552
12:05:29.879,87,0.3543
12:05:30.081,87,0.3544
12:05:30.283,87,0.3552
12:05:30.484,87,0.355
12:05:30.685,87,0.3549
12:05:30.886,88,0.3548
12:05:31.088,88,0.354
12:05:31.290,88,0.355
12:05:31.490,88,0.3563
12:05:31.692,88,0.3578
12:05:31.894,88,0.3588
12:05:32.095,88,0.3594
12:05:32.297,88,0.3606
12:05:32.498,88,0.3606
12:05:32.699,88,0.3613
12:05:32.901,89,0.3618
12:05:33.103,89,0.3635
12:05:33.304,89,0.3653
12:05:33.506,89,0.3672
12:05:33.707,89,0.3684
12:05:33.908,89,0.3692
12:05:34.110,89,0.369
12:05:34.312,89,0.3696
12:05:34.513,89,0.37
12:05:34.714,89,0.3695
12:05:34.916,90,0.3699
12:05:35.117,90,0.3695
12:05:35.318,90,0.3699
12:05:35.520,90,0.3709
12:05:35.721,90,0.3701
12:05:35.923,90,0.3703
12:05:36.125,90,0.3718
12:05:36.326,90,0.3714
12:05:36.527,90,0.3705
12:05:36.729,90,0.3712
12:05:36.931,91,0.3717
12:05:37.132,91,0.3728
12:05:37.332,91,0.3741
12:05:37.535,91,0.3757
12:05:37.737,91,0.3761
12:05:37.937,91,0.377
12:05:38.139,91,0.3783
12:05:38.340,91,0.3777
12:05:38.542,91,0.3781
12:05:38.744,91,0.3783
12:05:38.945,92,0.3777
12:05:39.146,92,0.3788
12:05:39.348,92,0.3794
12:05:39.550,92,0.3806
12:05:39.750,92,0.3806
12:05:39.953,92,0.3813
12:05:40.154,92,0.3825
12:05:40.355,92,0.3812
12:05:40.556,92,0.3803
12:05:40.758,92,0.3797
12:05:40.959,93,0.3801
12:05:41.161,93,0.3803
12:05:41.362,93,0.3825
12:05:41.564,93,0.3833
12:05:41.765,93,0.3845
12:05:41.967,93,0.3881
12:05:42.168,93,0.389
12:05:42.370,93,0.391
12:05:42.572,93,0.3916
12:05:42.773,93,0.392
12:05:42.974,94,0.3922
12:05:43.176,94,0.3931
12:05:43.378,94,0.393
12:05:43.578,94,0.3922
12:05:43.779,94,0.3924
12:05:43.982,94,0.3932
12:05:44.183,94,0.393
12:05:44.384,94,0.3922
12:05:44.586,94,0.3931
12:05:44.787,94,0.393
12:05:44.988,95,0.3929
12:05:45.190,95,0.3935
12:05:45.392,95,0.3925
12:05:45.593,95,0.3926
12:05:45.795,95,0.3933
12:05:45.996,95,0.3931
12:05:46.198,95,0.3923
12:05:46.399,95,0.3931
12:05:46.600,95,0.393
12:05:46.802,95,0.3922
12:05:47.003,96,0.3924
12:05:47.205,96,0.3939
12:05:47.406,96,0.3928
12:05:47.607,96,0.3928
12:05:47.809,96,0.3934
12:05:48.010,96,0.3925
12:05:48.212,96,0.3926
12:05:48.414,96,0.3933
12:05:48.615,96,0.3931
12:05:48.816,96,0.3923
12:05:49.018,97,0.3931
12:05:49.219,97,0.393
12:05:49.420,97,0.3929
12:05:49.623,97,0.3935
12:05:49.824,97,0.3932
12:05:50.025,97,0.3924
12:05:50.226,97,0.3925
12:05:50.428,97,0.3933
12:05:50.630,97,0.3931
12:05:50.831,97,0.3922
12:05:51.033,98,0.3931
12:05:51.234,98,0.3937
12:05:51.435,98,0.3968
12:05:51.637,98,0.4003
12:05:51.838,98,0.4033
12:05:52.040,98,0.4052
12:05:52.242,98,0.4078
12:05:52.443,98,0.4082
12:05:52.644,98,0.4077
12:05:52.846,98,0.408
12:05:53.047,99,0.4083
12:05:53.248,99,0.4084
12:05:53.450,99,0.41
12:05:53.652,99,0.4116
12:05:53.853,99,0.412
12:05:54.054,99,0.4123
12:05:54.256,99,0.4124
12:05:54.457,99,0.4126
12:05:54.659,99,0.4126
12:05:54.860,99,0.4134
12:05:55.062,100,0.4132
12:05:55.263,100,0.413
12:05:55.465,100,0.415
12:05:55.666,100,0.4149
12:05:55.868,100,0.4156
12:05:56.069,100,0.4167
12:05:56.271,100,0.4167
12:05:56.472,100,0.4174
12:05:56.674,100,0.4179
12:05:56.875,100,0.4182
12:05:57.076,101,0.4191
12:05:57.277,101,0.4197
12:05:57.479,101,0.4215
12:05:57.681,101,0.4219
12:05:57.882,101,0.4222
12:05:58.084,101,0.4231
12:05:58.285,101,0.4237
12:05:58.486,101,0.4227
12:05:58.688,101,0.4241
12:05:58.889,101,0.4243
12:05:59.091,102,0.4231
12:05:59.293,102,0.4244
12:05:59.494,102,0.4245
12:05:59.695,102,0.4253
12:05:59.896,102,0.4258
12:06:00.098,102,0.4262
12:06:00.299,102,0.4257
12:06:00.501,102,0.4254
12:06:00.703,102,0.4259
12:06:00.904,102,0.4255
12:06:01.105,103,0.4252
12:06:01.307,103,0.4272
12:06:01.509,103,0.4277
12:06:01.710,103,0.4281
12:06:01.911,103,0.4283
12:06:02.113,103,0.4285
12:06:02.314,103,0.4286
12:06:02.516,103,0.4294
12:06:02.718,103,0.4292
12:06:02.919,103,0.429
12:06:03.120,104,0.4289
12:06:03.322,104,0.4303
12:06:03.523,104,0.4298
12:06:03.724,104,0.4294
12:06:03.926,104,0.4299
12:06:04.127,104,0.4288
12:06:04.328,104,0.4288
12:06:04.531,104,0.4295
12:06:04.732,104,0.4292
12:06:04.933,104,0.4298
12:06:05.135,105,0.4308
12:06:05.336,105,0.4315
12:06:05.537,105,0.4313
12:06:05.739,105,0.4325
12:06:05.940,105,0.4333
12:06:06.142,105,0.4331
12:06:06.343,105,0.4344
12:06:06.545,105,0.4359
12:06:06.746,105,0.4362
12:06:06.947,105,0.4357
12:06:07.149,106,0.4361
12:06:07.351,106,0.4371
12:06:07.552,106,0.437
12:06:07.754,106,0.439
12:06:07.955,106,0.4396
12:06:08.156,106,0.4393
12:06:08.358,106,0.4399
12:06:08.559,106,0.4367
12:06:08.761,106,0.4311
12:06:08.963,106,0.4296
12:06:09.164,107,0.4279
12:06:09.365,107,0.4289
12:06:09.566,107,0.4303
12:06:09.768,107,0.4333
12:06:09.969,107,0.4338
12:06:10.171,107,0.4355
12:06:10.373,107,0.4374
12:06:10.574,107,0.4379
12:06:10.776,107,0.4389
12:06:10.977,107,0.4396
12:06:11.179,108,0.4393
12:06:11.380,108,0.4405
12:06:11.581,108,0.442
12:06:11.783,108,0.443
12:06:11.984,108,0.4436
12:06:12.186,108,0.444
12:06:12.387,108,0.4443
12:06:12.589,108,0.4445
12:06:12.790,108,0.4446
12:06:12.992,108,0.4454
12:06:13.193,109,0.4445
12:06:13.394,109,0.4453
12:06:13.596,109,0.4465
12:06:13.798,109,0.4466
12:06:13.998,109,0.4467
12:06:14.201,109,0.4481
12:06:14.402,109,0.4484
12:06:14.603,109,0.4485
12:06:14.805,109,0.4493
12:06:15.006,109,0.4485
12:06:15.207,110,0.4486
12:06:15.409,110,0.4494
12:06:15.611,110,0.4499
12:06:15.812,110,0.4502
12:06:16.013,110,0.4497
12:06:16.215,110,0.4515
12:06:16.416,110,0.452
12:06:16.617,110,0.4516
12:06:16.819,110,0.4499
12:06:17.021,110,0.4474
12:06:17.222,111,0.4472
12:06:17.424,111,0.4478
12:06:17.625,111,0.4495
12:06:17.826,111,0.45
12:06:18.028,111,0.4524
12:06:18.229,111,0.4539
12:06:18.431,111,0.4543
12:06:18.633,111,0.4566
12:06:18.834,111,0.456
12:06:19.035,111,0.4563
12:06:19.236,112,0.4558
12:06:19.438,112,0.4568
12:06:19.640,112,0.4575
12:06:19.841,112,0.458
12:06:20.043,112,0.4597
12:06:20.244,112,0.4601
12:06:20.445,112,0.459
12:06:20.647,112,0.4603
12:06:20.848,112,0.4598
12:06:21.050,112,0.4595
12:06:21.251,113,0.4606
12:06:21.453,113,0.4614
12:06:21.654,113,0.4626
12:06:21.856,113,0.4641
12:06:22.057,113,0.4644
12:06:22.258,113,0.4645
12:06:22.460,113,0.4646
12:06:22.662,113,0.4647
12:06:22.863,113,0.4648
12:06:23.064,113,0.4641
12:06:23.266,114,0.4651
12:06:23.467,114,0.465
12:06:23.668,114,0.4656
12:06:23.871,114,0.4668
12:06:24.072,114,0.4668
12:06:24.273,114,0.4675
12:06:24.475,114,0.468
12:06:24.676,114,0.4683
12:06:24.878,114,0.4678
12:06:25.079,114,0.4689
12:06:25.280,115,0.4689
12:06:25.482,115,0.4689
12:06:25.683,115,0.4696
12:06:25.885,115,0.4707
12:06:26.086,115,0.4715
12:06:26.287,115,0.4706
12:06:26.489,115,0.4714
12:06:26.691,115,0.4712
12:06:26.892,115,0.4711
12:06:27.094,115,0.4724
12:06:27.295,116,0.4719
12:06:27.496,116,0.4722
12:06:27.698,116,0.4738
12:06:27.900,116,0.4742
12:06:28.101,116,0.4744
12:06:28.303,116,0.4753
12:06:28.504,116,0.4751
12:06:28.705,116,0.475
12:06:28.906,116,0.4757
12:06:29.108,116,0.4768
12:06:29.309,117,0.4761
12:06:29.511,117,0.4757
12:06:29.713,117,0.4775
12:06:29.914,117,0.4773
12:06:30.115,117,0.4771
12:06:30.317,117,0.4784
12:06:30.519,117,0.4772
12:06:30.720,117,0.4771
12:06:30.921,117,0.477
12:06:31.123,117,0.477
12:06:31.324,118,0.4762
12:06:31.526,118,0.4786
12:06:31.727,118,0.4794
12:06:31.929,118,0.4792
12:06:32.129,118,0.4805
12:06:32.332,118,0.4813
12:06:32.533,118,0.4812
12:06:32.734,118,0.4811
12:06:32.936,118,0.4817
12:06:33.137,118,0.4807
12:06:33.338,119,0.4794
12:06:33.541,119,0.4806
12:06:33.742,119,0.4807
12:06:33.943,119,0.4815
12:06:34.145,119,0.482
12:06:34.346,119,0.4823
12:06:34.547,119,0.4825
12:06:34.749,119,0.484
12:06:34.950,119,0.4836
12:06:35.152,119,0.4841
12:06:35.353,120,0.4844
12:06:35.555,120,0.4845
12:06:35.756,120,0.4833
12:06:35.957,120,0.4831
12:06:36.159,120,0.4851
12:06:36.361,120,0.4851
12:06:36.562,120,0.4857
12:06:36.764,120,0.4868
12:06:36.965,120,0.4875
12:06:37.166,120,0.4873
12:06:37.368,121,0.4886
12:06:37.569,121,0.488
12:06:37.771,121,0.4876
12:06:37.973,121,0.4888
12:06:38.174,121,0.4888
12:06:38.375,121,0.4888
12:06:38.576,121,0.4882
12:06:38.778,121,0.4891
12:06:38.980,121,0.4883
12:06:39.181,121,0.4871
12:06:39.383,122,0.4877
12:06:39.584,122,0.4874
12:06:39.785,122,0.4873
12:06:39.987,122,0.4885
12:06:40.189,122,0.4887
12:06:40.389,122,0.488
12:06:40.591,122,0.4897
12:06:40.793,122,0.4894
12:06:40.994,122,0.49
12:06:41.196,122,0.491
12:06:41.397,123,0.491
12:06:41.599,123,0.4888
12:06:41.800,123,0.4867
12:06:42.001,123,0.4868
12:06:42.203,123,0.4868
12:06:42.404,123,0.4876
12:06:42.606,123,0.4894
12:06:42.808,123,0.4899
12:06:43.008,123,0.4896
12:06:43.211,123,0.4921
12:06:43.412,124,0.4924
12:06:43.613,124,0.4926
12:06:43.815,124,0.4948
12:06:44.018,124,0.4948
12:06:44.217,124,0.4956
12:06:44.419,124,0.496
12:06:44.620,124,0.4956
12:06:44.822,124,0.4954
12:06:45.023,124,0.4959
12:06:45.225,124,0.4963
12:06:45.426,125,0.4965
12:06:45.628,125,0.4966
12:06:45.830,125,0.4981
12:06:46.031,125,0.4991
12:06:46.231,125,0.4997
12:06:46.434,125,0.5002
12:06:46.635,125,0.5004
12:06:46.836,125,0.5006
12:06:47.038,125,0.5021
12:06:47.240,125,0.5017
12:06:47.441,126,0.5014
12:06:47.643,126,0.5033
12:06:47.844,126,0.5032
12:06:48.045,126,0.5031
12:06:48.247,126,0.503
12:06:48.448,126,0.5044
12:06:48.649,126,0.5039
12:06:48.851,126,0.5035
12:06:49.053,126,0.5047
12:06:49.254,126,0.5048
12:06:49.455,127,0.5048
12:06:49.657,127,0.5056
12:06:49.858,127,0.506
12:06:50.060,127,0.5064
12:06:50.261,127,0.5073
12:06:50.463,127,0.5057
12:06:50.664,127,0.5055
12:06:50.866,127,0.5053
12:06:51.067,127,0.5051
12:06:51.268,127,0.5044
12:06:51.470,128,0.5046
12:06:51.671,128,0.5047
12:06:51.873,128,0.5048
12:06:52.074,128,0.5048
12:06:52.276,128,0.5056
12:06:52.477,128,0.506
12:06:52.679,128,0.5056
12:06:52.881,128,0.5068
12:06:53.082,128,0.5061
12:06:53.283,128,0.5064
12:06:53.485,129,0.5073
12:06:53.686,129,0.5065
12:06:53.887,129,0.5052
12:06:54.089,129,0.5058
12:06:54.290,129,0.5055
12:06:54.492,129,0.5053
12:06:54.693,129,0.5038
12:06:54.895,129,0.5014
12:06:55.096,129,0.4984
12:06:55.298,129,0.4986
12:06:55.500,130,0.5001
12:06:55.700,130,0.5018
12:06:55.902,130,0.5036
12:06:56.104,130,0.5055
12:06:56.305,130,0.506
12:06:56.506,130,0.5056
12:06:56.708,130,0.5068
12:06:56.910,130,0.5061
12:06:57.111,130,0.505
12:06:57.313,130,0.505
12:06:57.514,131,0.5036
12:06:57.715,131,0.504
12:06:57.916,131,0.505
12:06:58.118,131,0.5071
12:06:58.319,131,0.5077
12:06:58.521,131,0.5082
12:06:58.723,131,0.5098
12:06:58.924,131,0.5102
12:06:59.125,131,0.5105
12:06:59.327,131,0.5113
12:06:59.529,132,0.5112
12:06:59.729,132,0.5125
12:06:59.931,132,0.5141
12:07:00.133,132,0.5144
12:07:00.334,132,0.5146
12:07:00.536,132,0.5161
12:07:00.737,132,0.515
12:07:00.939,132,0.5157
12:07:01.139,132,0.5154
12:07:01.341,132,0.5174
12:07:01.543,133,0.5172
12:07:01.744,133,0.5171
12:07:01.946,133,0.5185
12:07:02.147,133,0.5193
12:07:02.349,133,0.5192
12:07:02.550,133,0.5198
12:07:02.752,133,0.5202
12:07:02.953,133,0.5198
12:07:03.155,133,0.5209
12:07:03.356,133,0.5202
12:07:03.557,134,0.5198
12:07:03.759,134,0.5202
12:07:03.961,134,0.5205
12:07:04.162,134,0.5213
12:07:04.363,134,0.5219
12:07:04.565,134,0.5223
12:07:04.766,134,0.5218
12:07:04.967,134,0.5215
12:07:05.169,134,0.5227
12:07:05.371,134,0.5228
12:07:05.571,135,0.5229
12:07:05.774,135,0.5236
12:07:05.975,135,0.5241
12:07:06.176,135,0.5237
12:07:06.378,135,0.5227
12:07:06.580,135,0.5214
12:07:06.781,135,0.5212
12:07:06.983,135,0.5225
12:07:07.184,135,0.522
12:07:07.385,135,0.5216
12:07:07.586,136,0.5214
12:07:07.788,136,0.5233
12:07:07.989,136,0.5239
12:07:08.191,136,0.5243
12:07:08.393,136,0.5252
12:07:08.594,136,0.5244
12:07:08.795,136,0.5239
12:07:08.997,136,0.5229
12:07:09.198,136,0.5208
12:07:09.400,136,0.5209
12:07:09.601,137,0.5216
12:07:09.803,137,0.5221
12:07:10.004,137,0.5231
12:07:10.206,137,0.5237
12:07:10.407,137,0.5242
12:07:10.608,137,0.5244
12:07:10.810,137,0.5246
12:07:11.011,137,0.5254
12:07:11.213,137,0.5246
12:07:11.414,137,0.5247
12:07:11.616,138,0.5262
12:07:11.817,138,0.5272
12:07:12.018,138,0.5271
12:07:12.220,138,0.5292
12:07:12.422,138,0.5291
12:07:12.623,138,0.5297
12:07:12.825,138,0.5302
12:07:13.026,138,0.5305
12:07:13.227,138,0.5306
12:07:13.429,138,0.5315
12:07:13.631,139,0.5313
12:07:13.832,139,0.5312
12:07:14.033,139,0.5318
12:07:14.235,139,0.5315
12:07:14.436,139,0.5306
12:07:14.637,139,0.5307
12:07:14.839,139,0.5315
12:07:15.040,139,0.5306
12:07:15.242,139,0.53
12:07:15.444,139,0.5318
12:07:15.645,140,0.5315
12:07:15.846,140,0.5313
12:07:16.048,140,0.5333
12:07:16.249,140,0.5332
12:07:16.451,140,0.5324
12:07:16.652,140,0.5333
12:07:16.854,140,0.5325
12:07:17.055,140,0.532
12:07:17.256,140,0.5323
12:07:17.458,140,0.5339
12:07:17.660,141,0.5343
12:07:17.861,141,0.5345
12:07:18.063,141,0.5361
12:07:18.264,141,0.5357
12:07:18.465,141,0.5354
12:07:18.667,141,0.5367
12:07:18.868,141,0.5361
12:07:19.070,141,0.5364
12:07:19.271,141,0.5373
12:07:19.473,141,0.5372
12:07:19.674,142,0.5364
12:07:19.876,142,0.5373
12:07:20.077,142,0.5379
12:07:20.278,142,0.5376
12:07:20.480,142,0.5388
12:07:20.682,142,0.5388
12:07:20.883,142,0.5389
12:07:21.084,142,0.5389
12:07:21.286,142,0.5403
12:07:21.487,142,0.5399
12:07:21.689,143,0.5389
12:07:21.890,143,0.5403
12:07:22.092,143,0.5398
12:07:22.293,143,0.5402
12:07:22.495,143,0.5412
12:07:22.697,143,0.5404
12:07:22.897,143,0.5392
12:07:23.099,143,0.5391
12:07:23.301,143,0.5391
12:07:23.502,143,0.539
12:07:23.703,144,0.5397
12:07:23.905,144,0.5409
12:07:24.106,144,0.5409
12:07:24.307,144,0.5416
12:07:24.509,144,0.5428
12:07:24.711,144,0.5429
12:07:24.911,144,0.5415
12:07:25.114,144,0.5427
12:07:25.315,144,0.5421
12:07:25.516,144,0.5417
12:07:25.718,145,0.5436
12:07:25.919,145,0.5434
12:07:26.121,145,0.5432
12:07:26.323,145,0.5432
12:07:26.524,145,0.5424
12:07:26.725,145,0.5405
12:07:26.926,145,0.5407
12:07:27.128,145,0.5408
12:07:27.329,145,0.5416
12:07:27.531,145,0.5421
12:07:27.733,146,0.5431
12:07:27.934,146,0.5438
12:07:28.135,146,0.5442
12:07:28.337,146,0.5452
12:07:28.539,146,0.5458
12:07:28.740,146,0.5448
12:07:28.941,146,0.5456
12:07:29.143,146,0.5447
12:07:29.344,146,0.5448
12:07:29.546,146,0.5442
12:07:29.747,147,0.543
12:07:29.948,147,0.5437
12:07:30.150,147,0.5456
12:07:30.351,147,0.5468
12:07:30.553,147,0.5476
12:07:30.754,147,0.5474
12:07:30.956,147,0.5479
12:07:31.157,147,0.5476
12:07:31.358,147,0.5474
12:07:31.560,147,0.548
12:07:31.762,148,0.5476
12:07:31.963,148,0.5481
12:07:32.165,148,0.5484
12:07:32.366,148,0.5486
12:07:32.567,148,0.5488
12:07:32.769,148,0.5495
12:07:32.970,148,0.5494
12:07:33.172,148,0.5492
12:07:33.373,148,0.5499
12:07:33.575,148,0.551
12:07:33.776,149,0.5503
12:07:33.978,149,0.5505
12:07:34.179,149,0.5514
12:07:34.381,149,0.5513
12:07:34.581,149,0.5491
12:07:34.784,149,0.5497
12:07:34.985,149,0.5495
12:07:35.186,149,0.55
12:07:35.388,149,0.5518
12:07:35.590,149,0.5522
12:07:35.790,150,0.5518
12:07:35.992,150,0.5536
12:07:36.194,150,0.5534
12:07:36.395,150,0.554
12:07:36.596,150,0.5543
12:07:36.798,150,0.5553
12:07:37.000,150,0.5552
12:07:37.201,150,0.5544
12:07:37.403,150,0.5525
12:07:37.604,150,0.5499
12:07:37.805,151,0.5482
12:07:38.007,151,0.5492
12:07:38.208,151,0.5498
12:07:38.410,151,0.5509
12:07:38.611,151,0.5531
12:07:38.813,151,0.5537
12:07:39.014,151,0.5472
12:07:39.216,151,0.5429
12:07:39.417,151,0.5408
12:07:39.618,151,0.5402
12:07:39.820,152,0.5412
12:07:40.021,152,0.5439
12:07:40.223,152,0.545
12:07:40.424,152,0.5471
12:07:40.626,152,0.5506
12:07:40.827,152,0.5514
12:07:41.028,152,0.552
12:07:41.230,152,0.553
12:07:41.431,152,0.5537
12:07:41.633,152,0.5542
12:07:41.835,153,0.5552
12:07:42.036,153,0.5558
12:07:42.237,153,0.5562
12:07:42.439,153,0.5572
12:07:42.641,153,0.5571
12:07:42.842,153,0.5571
12:07:43.043,153,0.5578
12:07:43.245,153,0.5596
12:07:43.446,153,0.5587
12:07:43.647,153,0.5588
12:07:43.849,154,0.5596
12:07:44.050,154,0.5594
12:07:44.251,154,0.56
12:07:44.454,154,0.5603
12:07:44.655,154,0.5592
12:07:44.856,154,0.5584
12:07:45.058,154,0.5593
12:07:45.259,154,0.5599
12:07:45.461,154,0.5596
12:07:45.662,154,0.5608
12:07:45.864,155,0.5609
12:07:46.065,155,0.5609
12:07:46.266,155,0.561
12:07:46.468,155,0.5624
12:07:46.669,155,0.5633
12:07:46.870,155,0.5639
12:07:47.073,155,0.565
12:07:47.274,155,0.5643
12:07:47.475,155,0.5646
12:07:47.677,155,0.5661
12:07:47.878,156,0.565
12:07:48.080,156,0.565
12:07:48.281,156,0.5664
12:07:48.483,156,0.5645
12:07:48.684,156,0.564
12:07:48.886,156,0.563
12:07:49.087,156,0.5602
12:07:49.288,156,0.5584
12:07:49.489,156,0.5558
12:07:49.691,156,0.5555
12:07:49.893,157,0.5546
12:07:50.094,157,0.5541
12:07:50.296,157,0.5544
12:07:50.498,157,0.5539
12:07:50.698,157,0.5529
12:07:50.900,157,0.5543
12:07:51.102,157,0.5525
12:07:51.303,157,0.5527
12:07:51.505,157,0.5549
12:07:51.706,157,0.5563
12:07:51.907,158,0.5566
12:07:52.109,158,0.5588
12:07:52.310,158,0.5596
12:07:52.512,158,0.5615
12:07:52.713,158,0.562
12:07:52.915,158,0.5624
12:07:53.116,158,0.5619
12:07:53.317,158,0.5623
12:07:53.519,158,0.5626
12:07:53.721,158,0.5613
12:07:53.922,159,0.5605
12:07:54.124,159,0.5614
12:07:54.325,159,0.5613
12:07:54.526,159,0.5605
12:07:54.728,159,0.5621
12:07:54.929,159,0.5617
12:07:55.131,159,0.5622
12:07:55.332,159,0.5625
12:07:55.534,159,0.5627
12:07:55.735,159,0.5621
12:07:55.936,160,0.5617
12:07:56.138,160,0.5629
12:07:56.339,160,0.5636
12:07:56.540,160,0.5634
12:07:56.743,160,0.5647
12:07:56.944,160,0.5641
12:07:57.145,160,0.5644
12:07:57.347,160,0.5653
12:07:57.548,160,0.5652
12:07:57.749,160,0.5652
12:07:57.952,161,0.5651
12:07:58.154,161,0.5644
12:07:58.354,161,0.5653
12:07:58.556,161,0.5659
12:07:58.757,161,0.5649
12:07:58.959,161,0.5642
12:07:59.159,161,0.5645
12:07:59.361,161,0.5647
12:07:59.563,161,0.5648
12:07:59.764,161,0.5656
12:07:59.966,162,0.5661
12:08:00.167,162,0.5664
12:08:00.368,162,0.5673
12:08:00.570,162,0.5686
12:08:00.772,162,0.5688
12:08:00.973,162,0.5689
12:08:01.175,162,0.5696
12:08:01.376,162,0.5694
12:08:01.577,162,0.5693
12:08:01.779,162,0.5699
12:08:01.981,163,0.5689
12:08:02.181,163,0.5689
12:08:02.383,163,0.5683
12:08:02.585,163,0.5692
12:08:02.786,163,0.5685
12:08:02.987,163,0.5687
12:08:03.189,163,0.5702
12:08:03.391,163,0.5698
12:08:03.591,163,0.5695
12:08:03.794,163,0.5708
12:08:03.995,164,0.5702
12:08:04.197,164,0.5698
12:08:04.398,164,0.5716
12:08:04.599,164,0.5714
12:08:04.801,164,0.5713
12:08:05.002,164,0.5719
12:08:05.204,164,0.5716
12:08:05.405,164,0.5714
12:08:05.606,164,0.5713
12:08:05.808,164,0.5712
12:08:06.010,165,0.5711
12:08:06.211,165,0.5704
12:08:06.412,165,0.572
12:08:06.614,165,0.5717
12:08:06.815,165,0.5715
12:08:07.017,165,0.5727
12:08:07.218,165,0.5721
12:08:07.419,165,0.571
12:08:07.621,165,0.5717
12:08:07.822,165,0.5715
12:08:08.024,166,0.5713
12:08:08.226,166,0.5719
12:08:08.427,166,0.5716
12:08:08.628,166,0.5714
12:08:08.830,166,0.5713
12:08:09.031,166,0.5726
12:08:09.233,166,0.5728
12:08:09.433,166,0.5729
12:08:09.636,166,0.5729
12:08:09.837,166,0.5723
12:08:10.038,167,0.5725
12:08:10.240,167,0.5741
12:08:10.442,167,0.5737
12:08:10.643,167,0.5735
12:08:10.845,167,0.5754
12:08:11.046,167,0.5739
12:08:11.247,167,0.5729
12:08:11.449,167,0.5723
12:08:11.651,167,0.5718
12:08:11.851,167,0.5716
12:08:12.053,168,0.5721
12:08:12.255,168,0.5724
12:08:12.456,168,0.5726
12:08:12.657,168,0.5714
12:08:12.859,168,0.572
12:08:13.060,168,0.5716
12:08:13.262,168,0.5707
12:08:13.464,168,0.5722
12:08:13.665,168,0.5732
12:08:13.866,168,0.5732
12:08:14.068,169,0.5745
12:08:14.269,169,0.5747
12:08:14.470,169,0.5748
12:08:14.672,169,0.5756
12:08:14.874,169,0.5747
12:08:15.075,169,0.5741
12:08:15.276,169,0.5737
12:08:15.478,169,0.5756
12:08:15.680,169,0.5754
12:08:15.880,169,0.576
12:08:16.083,170,0.5764
12:08:16.284,170,0.5759
12:08:16.485,170,0.5749
12:08:16.687,170,0.5764
12:08:16.888,170,0.5759
12:08:17.089,170,0.5763
12:08:17.291,170,0.5766
12:08:17.492,170,0.5753
12:08:17.694,170,0.5745
12:08:17.896,170,0.5754
12:08:18.097,171,0.5753
12:08:18.298,171,0.5752
12:08:18.499,171,0.5766
12:08:18.701,171,0.5781
12:08:18.902,171,0.5785
12:08:19.104,171,0.5794
12:08:19.306,171,0.5807
12:08:19.507,171,0.5794
12:08:19.708,171,0.5793
12:08:19.910,171,0.5799
12:08:20.111,172,0.5796
12:08:20.313,172,0.5787
12:08:20.514,172,0.5795
12:08:20.716,172,0.5794
12:08:20.917,172,0.5793
12:08:21.119,172,0.5806
12:08:21.320,172,0.5808
12:08:21.521,172,0.5802
12:08:21.723,172,0.5805
12:08:21.925,172,0.5814
12:08:22.126,173,0.5813
12:08:22.327,173,0.5805
12:08:22.529,173,0.5821
12:08:22.730,173,0.5824
12:08:22.932,173,0.5834
12:08:23.133,173,0.5847
12:08:23.335,173,0.5841
12:08:23.536,173,0.5837
12:08:23.738,173,0.5842
12:08:23.939,173,0.5838
12:08:24.141,174,0.5849
12:08:24.342,174,0.5864
12:08:24.543,174,0.5866
12:08:24.745,174,0.5875
12:08:24.946,174,0.5873
12:08:25.148,174,0.5894
12:08:25.349,174,0.5886
12:08:25.551,174,0.5887
12:08:25.752,174,0.5896
12:08:25.954,174,0.5887
12:08:26.155,175,0.5881
12:08:26.357,175,0.5899
12:08:26.559,175,0.5896
12:08:26.759,175,0.5894
12:08:26.962,175,0.59
12:08:27.163,175,0.5883
12:08:27.364,175,0.5871
12:08:27.566,175,0.5871
12:08:27.767,175,0.5864
12:08:27.968,175,0.5852
12:08:28.169,176,0.5838
12:08:28.371,176,0.5835
12:08:28.573,176,0.5827
12:08:28.773,176,0.5821
12:08:28.976,176,0.5824
12:08:29.177,176,0.582
12:08:29.378,176,0.5823
12:08:29.580,176,0.584
12:08:29.782,176,0.5837
12:08:29.983,176,0.5835
12:08:30.184,177,0.584
12:08:30.386,177,0.5837
12:08:30.587,177,0.5842
12:08:30.789,177,0.5852
12:08:30.990,177,0.5844
12:08:31.192,177,0.5854
12:08:31.393,177,0.5853
12:08:31.595,177,0.5859
12:08:31.796,177,0.5849
12:08:31.997,177,0.5843
12:08:32.199,178,0.5859
12:08:32.400,178,0.5856
12:08:32.601,178,0.5847
12:08:32.803,178,0.587
12:08:33.005,178,0.5856
12:08:33.206,178,0.5875
12:08:33.408,178,0.5881
12:08:33.609,178,0.5884
12:08:33.810,178,0.5886
12:08:34.012,178,0.5888
12:08:34.214,179,0.5889
12:08:34.415,179,0.589
12:08:34.616,179,0.589
12:08:34.818,179,0.5897
12:08:35.019,179,0.5895
12:08:35.220,179,0.5886
12:08:35.422,179,0.5895
12:08:35.624,179,0.5894
12:08:35.825,179,0.5886
12:08:36.027,179,0.5887
12:08:36.228,180,0.5875
12:08:36.429,180,0.5866
12:08:36.632,180,0.5875
12:08:36.833,180,0.588
12:08:37.034,180,0.5884
12:08:37.236,180,0.5886
12:08:37.437,180,0.5888
12:08:37.639,180,0.5875
12:08:37.839,180,0.5873
12:08:38.041,180,0.5879
12:08:38.242,181,0.5869
12:08:38.444,181,0.5863
12:08:38.646,181,0.5887
12:08:38.847,181,0.5888
12:08:39.048,181,0.5889
12:08:39.250,181,0.5897
12:08:39.452,181,0.5888
12:08:39.652,181,0.5889
12:08:39.854,181,0.5896
12:08:40.056,181,0.5894
12:08:40.257,182,0.5886
12:08:40.459,182,0.5902
12:08:40.660,182,0.5898
12:08:40.862,182,0.5888
12:08:41.063,182,0.5889
12:08:41.265,182,0.5904
12:08:41.466,182,0.5892
12:08:41.667,182,0.5892
12:08:41.869,182,0.587
12:08:42.070,182,0.5828
12:08:42.272,183,0.5815
12:08:42.473,183,0.5821
12:08:42.675,183,0.5824
12:08:42.876,183,0.5819
12:08:43.078,183,0.5837
12:08:43.279,183,0.5842
12:08:43.480,183,0.5845
12:08:43.682,183,0.5868
12:08:43.884,183,0.5876
12:08:44.085,183,0.5881
12:08:44.286,184,0.5885
12:08:44.488,184,0.5894
12:08:44.689,184,0.5886
12:08:44.890,184,0.5887
12:08:45.092,184,0.5896
12:08:45.294,184,0.5901
12:08:45.495,184,0.589
12:08:45.697,184,0.5905
12:08:45.898,184,0.59
12:08:46.099,184,0.589
12:08:46.301,185,0.5883
12:08:46.502,185,0.5886
12:08:46.704,185,0.5894
12:08:46.906,185,0.5893
12:08:47.107,185,0.5899
12:08:47.308,185,0.5889
12:08:47.509,185,0.589
12:08:47.711,185,0.589
12:08:47.912,185,0.589
12:08:48.113,185,0.589
12:08:48.316,186,0.5898
12:08:48.517,186,0.5895
12:08:48.718,186,0.5901
12:08:48.920,186,0.5918
12:08:49.121,186,0.5916
12:08:49.323,186,0.5921
12:08:49.524,186,0.5938
12:08:49.726,186,0.5943
12:08:49.927,186,0.5939
12:08:50.129,186,0.5957
12:08:50.331,187,0.5955
12:08:50.532,187,0.5953
12:08:50.733,187,0.5953
12:08:50.935,187,0.5966
12:08:51.136,187,0.5975
12:08:51.337,187,0.5973
12:08:51.539,187,0.598
12:08:51.740,187,0.5969
12:08:51.941,187,0.5963
12:08:52.144,187,0.5973
12:08:52.345,188,0.5972
12:08:52.546,188,0.5972
12:08:52.748,188,0.5978
12:08:52.950,188,0.5976
12:08:53.151,188,0.5967
12:08:53.352,188,0.5975
12:08:53.554,188,0.5967
12:08:53.755,188,0.5961
12:08:53.956,188,0.5965
12:08:54.158,188,0.5974
12:08:54.359,189,0.598
12:08:54.560,189,0.5977
12:08:54.762,189,0.5989
12:08:54.963,189,0.5975
12:08:55.165,189,0.5967
12:08:55.367,189,0.5975
12:08:55.568,189,0.5974
12:08:55.769,189,0.5966
12:08:55.971,189,0.5975
12:08:56.172,189,0.5973
12:08:56.374,190,0.5972
12:08:56.576,190,0.5986
12:08:56.777,190,0.5988
12:08:56.978,190,0.5996
12:08:57.180,190,0.5987
12:08:57.381,190,0.5995
12:08:57.583,190,0.5987
12:08:57.784,190,0.5981
12:08:57.986,190,0.5992
12:08:58.187,190,0.5991
12:08:58.388,191,0.5991
12:08:58.590,191,0.6012
12:08:58.792,191,0.6012
12:08:58.993,191,0.6011
12:08:59.194,191,0.6025
12:08:59.396,191,0.6013
12:08:59.597,191,0.6012
12:08:59.799,191,0.6019
12:09:00.000,191,0.6009
12:09:00.201,191,0.601
12:09:00.402,192,0.601
12:09:00.605,192,0.6024
12:09:00.806,192,0.602
12:09:01.007,192,0.6017
12:09:01.209,192,0.6022
12:09:01.410,192,0.6018
12:09:01.611,192,0.6008
12:09:01.814,192,0.6023
12:09:02.015,192,0.6033
12:09:02.216,192,0.6039
12:09:02.418,193,0.605
12:09:02.619,193,0.6037
12:09:02.820,193,0.6042
12:09:03.022,193,0.6052
12:09:03.224,193,0.6045
12:09:03.424,193,0.604
12:09:03.626,193,0.6023
12:09:03.828,193,0.6026
12:09:04.029,193,0.5992
12:09:04.231,193,0.5901
12:09:04.432,194,0.5848
12:09:04.633,194,0.5814
12:09:04.834,194,0.5827
12:09:05.037,194,0.5849
12:09:05.238,194,0.5864
12:09:05.439,194,0.5873
12:09:05.641,194,0.5893
12:09:05.842,194,0.5906
12:09:06.044,194,0.5929
12:09:06.246,194,0.5958
12:09:06.447,195,0.5969
12:09:06.648,195,0.5984
12:09:06.849,195,0.5993
12:09:07.051,195,0.6007
12:09:07.253,195,0.6008
12:09:07.454,195,0.6009
12:09:07.656,195,0.6024
12:09:07.857,195,0.6019
12:09:08.058,195,0.6009
12:09:08.260,195,0.6031
12:09:08.461,196,0.6045
12:09:08.663,196,0.6054
12:09:08.864,196,0.606
12:09:09.066,196,0.6064
12:09:09.267,196,0.6066
12:09:09.469,196,0.6082
12:09:09.670,196,0.6071
12:09:09.871,196,0.6064
12:09:10.072,196,0.6053
12:09:10.275,196,0.6059
12:09:10.476,197,0.6056
12:09:10.677,197,0.6047
12:09:10.879,197,0.6056
12:09:11.081,197,0.6047
12:09:11.281,197,0.6041
12:09:11.484,197,0.6045
12:09:11.685,197,0.6047
12:09:11.886,197,0.6055
12:09:12.088,197,0.6061
12:09:12.289,197,0.6057
12:09:12.490,198,0.6048
12:09:12.692,198,0.6049
12:09:12.894,198,0.6057
12:09:13.095,198,0.6069
12:09:13.296,198,0.607
12:09:13.498,198,0.6091
12:09:13.699,198,0.6105
12:09:13.900,198,0.6107
12:09:14.102,198,0.6123
12:09:14.304,198,0.6112
12:09:14.505,199,0.6111
12:09:14.707,199,0.6111
12:09:14.908,199,0.6104
12:09:15.109,199,0.61
12:09:15.311,199,0.6118
12:09:15.512,199,0.6136
12:09:15.714,199,0.6135
12:09:15.916,199,0.6154
12:09:16.117,199,0.616
12:09:16.318,199,0.6157
12:09:16.519,200,0.6162
12:09:16.721,200,0.6172
12:09:16.922,200,0.6165
12:09:17.124,200,0.6146
12:09:17.326,200,0.6106
12:09:17.527,200,0.6066
12:09:17.728,200,0.6061
12:09:17.930,200,0.6071
12:09:18.131,200,0.6071
12:09:18.333,200,0.6078
12:09:18.534,201,0.6104
12:09:18.736,201,0.6106
12:09:18.937,201,0.6122
12:09:19.139,201,0.6139
12:09:19.340,201,0.6143
12:09:19.541,201,0.6139
12:09:19.742,201,0.6143
12:09:19.944,201,0.6153
12:09:20.146,201,0.6145
12:09:20.347,201,0.614
12:09:20.549,202,0.6144
12:09:20.750,202,0.6147
12:09:20.951,202,0.6134
12:09:21.154,202,0.614
12:09:21.355,202,0.6137
12:09:21.556,202,0.6135
12:09:21.758,202,0.6155
12:09:21.959,202,0.6146
12:09:22.160,202,0.6134
12:09:22.362,202,0.614
12:09:22.563,203,0.6137
12:09:22.765,203,0.6128
12:09:22.966,203,0.6136
12:09:23.168,203,0.6148
12:09:23.369,203,0.6156
12:09:23.570,203,0.6141
12:09:23.772,203,0.6123
12:09:23.974,203,0.6105
12:09:24.175,203,0.61
12:09:24.377,203,0.6111
12:09:24.578,204,0.6111
12:09:24.779,204,0.6118
12:09:24.981,204,0.6137
12:09:25.182,204,0.6128
12:09:25.384,204,0.6136
12:09:25.586,204,0.6148
12:09:25.787,204,0.6142
12:09:25.988,204,0.6138
12:09:26.189,204,0.6129
12:09:26.391,204,0.6067
12:09:26.592,205,0.6012
12:09:26.794,205,0.5998
12:09:26.996,205,0.603
12:09:27.197,205,0.6052
12:09:27.398,205,0.6072
12:09:27.600,205,0.61
12:09:27.801,205,0.609
12:09:28.003,205,0.609
12:09:28.205,205,0.6105
12:09:28.406,205,0.61
12:09:28.607,206,0.6104
12:09:28.809,206,0.612
12:09:29.010,206,0.6124
12:09:29.211,206,0.6127
12:09:29.412,206,0.6142
12:09:29.614,206,0.6159
12:09:29.816,206,0.6164
12:09:30.017,206,0.6173
12:09:30.219,206,0.618
12:09:30.420,206,0.6184
12:09:30.622,207,0.6186
12:09:30.824,207,0.6202
12:09:31.025,207,0.6198
12:09:31.226,207,0.6196
12:09:31.428,207,0.6208
12:09:31.629,207,0.6209
12:09:31.831,207,0.621
12:09:32.032,207,0.6225
12:09:32.234,207,0.622
12:09:32.435,207,0.621
12:09:32.636,208,0.6203
12:09:32.838,208,0.622
12:09:33.039,208,0.6224
12:09:33.240,208,0.6227
12:09:33.442,208,0.6242
12:09:33.643,208,0.6238
12:09:33.845,208,0.6236
12:09:34.047,208,0.6255
12:09:34.248,208,0.624
12:09:34.449,208,0.623
12:09:34.651,209,0.6237
12:09:34.852,209,0.6235
12:09:35.054,209,0.622
12:09:35.256,209,0.6231
12:09:35.457,209,0.6238
12:09:35.658,209,0.6243
12:09:35.860,209,0.6232
12:09:36.061,209,0.6246
12:09:36.262,209,0.6234
12:09:36.463,209,0.6226
12:09:36.666,210,0.6242
12:09:36.867,210,0.6238
12:09:37.068,210,0.6236
12:09:37.270,210,0.6255
12:09:37.472,210,0.6261
12:09:37.672,210,0.6258
12:09:37.874,210,0.6262
12:09:38.076,210,0.6259
12:09:38.277,210,0.6256
12:09:38.479,210,0.6268
12:09:38.681,211,0.6255
12:09:38.881,211,0.6233
12:09:39.082,211,0.6211
12:09:39.284,211,0.6225
12:09:39.486,211,0.6227
12:09:39.687,211,0.6243
12:09:39.889,211,0.6267
12:09:40.090,211,0.6268
12:09:40.292,211,0.6277
12:09:40.493,211,0.6282
12:09:40.695,212,0.6264
12:09:40.896,212,0.6267
12:09:41.098,212,0.6275
12:09:41.300,212,0.6274
12:09:41.500,212,0.6273
12:09:41.702,212,0.6273
12:09:41.903,212,0.6272
12:09:42.105,212,0.6272
12:09:42.306,212,0.6279
12:09:42.508,212,0.629
12:09:42.709,213,0.6298
12:09:42.910,213,0.6303
12:09:43.112,213,0.632
12:09:43.314,213,0.6317
12:09:43.514,213,0.6301
12:09:43.716,213,0.6312
12:09:43.918,213,0.6312
12:09:44.119,213,0.6312
12:09:44.321,213,0.6326
12:09:44.522,213,0.6321
12:09:44.724,214,0.6324
12:09:44.926,214,0.6334
12:09:45.127,214,0.6326
12:09:45.328,214,0.6307
12:09:45.529,214,0.6295
12:09:45.731,214,0.6307
12:09:45.933,214,0.6309
12:09:46.133,214,0.6303
12:09:46.336,214,0.632
12:09:46.537,214,0.631
12:09:46.738,215,0.631
12:09:46.940,215,0.6318
12:09:47.141,215,0.6316
12:09:47.343,215,0.6314
12:09:47.544,215,0.6327
12:09:47.746,215,0.6329
12:09:47.947,215,0.633
12:09:48.149,215,0.6344
12:09:48.350,215,0.634
12:09:48.551,215,0.6337
12:09:48.752,216,0.6335
12:09:48.954,216,0.6341
12:09:49.156,216,0.6345
12:09:49.357,216,0.634
12:09:49.559,216,0.6351
12:09:49.760,216,0.6344
12:09:49.961,216,0.6347
12:09:50.163,216,0.6356
12:09:50.364,216,0.6354
12:09:50.566,216,0.6353
12:09:50.768,217,0.636
12:09:50.969,217,0.6357
12:09:51.170,217,0.6355
12:09:51.372,217,0.6368
12:09:51.573,217,0.6362
12:09:51.775,217,0.6358
12:09:51.976,217,0.6356
12:09:52.178,217,0.6354
12:09:52.379,217,0.6339
12:09:52.580,217,0.6337
12:09:52.782,218,0.6342
12:09:52.984,218,0.6338
12:09:53.185,218,0.6329
12:09:53.386,218,0.6337
12:09:53.588,218,0.6328
12:09:53.789,218,0.6322
12:09:53.991,218,0.634
12:09:54.193,218,0.6344
12:09:54.394,218,0.6346
12:09:54.596,218,0.6355
12:09:54.797,219,0.6347
12:09:54.998,219,0.6342
12:09:55.199,219,0.6338
12:09:55.401,219,0.6357
12:09:55.602,219,0.6355
12:09:55.804,219,0.6354
12:09:56.006,219,0.636
12:09:56.207,219,0.6357
12:09:56.408,219,0.6355
12:09:56.610,219,0.6368
12:09:56.812,220,0.6362
12:09:57.012,220,0.6366
12:09:57.214,220,0.6375
12:09:57.416,220,0.6374
12:09:57.617,220,0.6373
12:09:57.819,220,0.6386
12:09:58.020,220,0.6374
12:09:58.221,220,0.638
12:09:58.422,220,0.6377
12:09:58.624,220,0.6382
12:09:58.826,221,0.6379
12:09:59.027,221,0.6376
12:09:59.229,221,0.6382
12:09:59.430,221,0.6378
12:09:59.632,221,0.6376
12:09:59.833,221,0.6374
12:10:00.035,221,0.6345
12:10:00.236,221,0.6348
12:10:00.438,221,0.637
12:10:00.639,221,0.6371
12:10:00.840,222,0.6357
12:10:01.042,222,0.6376
12:10:01.243,222,0.6375
12:10:01.445,222,0.6374
12:10:01.646,222,0.6366
12:10:01.848,222,0.6382
12:10:02.049,222,0.6385
12:10:02.250,222,0.6381
12:10:02.452,222,0.6398
12:10:02.654,222,0.6396
12:10:02.855,223,0.6388
12:10:03.056,223,0.6403
12:10:03.258,223,0.6399
12:10:03.459,223,0.6396
12:10:03.661,223,0.6395
12:10:03.862,223,0.6387
12:10:04.063,223,0.6381
12:10:04.266,223,0.6399
12:10:04.467,223,0.6389
12:10:04.668,223,0.639
12:10:04.869,224,0.6384
12:10:05.071,224,0.6401
12:10:05.272,224,0.6397
12:10:05.474,224,0.6388
12:10:05.676,224,0.639
12:10:05.877,224,0.6376
12:10:06.078,224,0.6375
12:10:06.280,224,0.6388
12:10:06.482,224,0.6389
12:10:06.682,224,0.639
12:10:06.884,225,0.6405
12:10:07.085,225,0.6407
12:10:07.287,225,0.6409
12:10:07.489,225,0.6417
12:10:07.690,225,0.6415
12:10:07.891,225,0.6414
12:10:08.092,225,0.6413
12:10:08.294,225,0.642
12:10:08.496,225,0.641
12:10:08.697,225,0.6403
12:10:08.899,226,0.6413
12:10:09.100,226,0.6413
12:10:09.301,226,0.6412
12:10:09.503,226,0.6412
12:10:09.705,226,0.6412
12:10:09.906,226,0.6412
12:10:10.108,226,0.6419
12:10:10.309,226,0.6423
12:10:10.510,226,0.6412
12:10:10.712,226,0.6419
12:10:10.914,227,0.6409
12:10:11.114,227,0.641
12:10:11.316,227,0.6411
12:10:11.518,227,0.6425
12:10:11.719,227,0.642
12:10:11.920,227,0.6417
12:10:12.122,227,0.6429
12:10:12.324,227,0.6423
12:10:12.524,227,0.6412
12:10:12.727,227,0.6405
12:10:12.928,228,0.64
12:10:13.129,228,0.6404
12:10:13.331,228,0.6421
12:10:13.532,228,0.6418
12:10:13.733,228,0.6423
12:10:13.936,228,0.644
12:10:14.137,228,0.6437
12:10:14.338,228,0.6435
12:10:14.539,228,0.6434
12:10:14.741,228,0.6447
12:10:14.942,229,0.6442
12:10:15.144,229,0.6445
12:10:15.346,229,0.6455
12:10:15.547,229,0.6447
12:10:15.748,229,0.6441
12:10:15.950,229,0.6452
12:10:16.151,229,0.6452
12:10:16.353,229,0.6445
12:10:16.554,229,0.6461
12:10:16.756,229,0.6451
12:10:16.957,230,0.6444
12:10:17.159,230,0.6461
12:10:17.360,230,0.6458
12:10:17.561,230,0.6456
12:10:17.762,230,0.6454
12:10:17.964,230,0.646
12:10:18.166,230,0.645
12:10:18.367,230,0.6444
12:10:18.569,230,0.6454
12:10:18.770,230,0.6453
12:10:18.972,231,0.6446
12:10:19.173,231,0.6462
12:10:19.375,231,0.6458
12:10:19.576,231,0.6463
12:10:19.778,231,0.648
12:10:19.979,231,0.647
12:10:20.180,231,0.6464
12:10:20.382,231,0.646
12:10:20.583,231,0.6457
12:10:20.785,231,0.6448
12:10:20.986,232,0.6449
12:10:21.188,232,0.6471
12:10:21.389,232,0.6471
12:10:21.590,232,0.6465
12:10:21.792,232,0.6481
12:10:21.993,232,0.6471
12:10:22.194,232,0.6464
12:10:22.396,232,0.6481
12:10:22.598,232,0.6478
12:10:22.799,232,0.6476
12:10:23.001,233,0.6481
12:10:23.202,233,0.6478
12:10:23.404,233,0.6476
12:10:23.605,233,0.6495
12:10:23.807,233,0.6494
12:10:24.008,233,0.6486
12:10:24.209,233,0.6488
12:10:24.411,233,0.6497
12:10:24.612,233,0.6495
12:10:24.813,233,0.6487
12:10:25.016,234,0.6468
12:10:25.217,234,0.6448
12:10:25.418,234,0.6442
12:10:25.620,234,0.6446
12:10:25.821,234,0.6441
12:10:26.022,234,0.6445
12:10:26.224,234,0.6461
12:10:26.426,234,0.6451
12:10:26.627,234,0.6451
12:10:26.829,234,0.6458
12:10:27.030,235,0.6456
12:10:27.231,235,0.6455
12:10:27.433,235,0.6454
12:10:27.634,235,0.646
12:10:27.836,235,0.6457
12:10:28.037,235,0.6455
12:10:28.239,235,0.6475
12:10:28.440,235,0.646
12:10:28.641,235,0.6429
12:10:28.843,235,0.6437
12:10:29.045,236,0.6435
12:10:29.246,236,0.6441
12:10:29.448,236,0.6459
12:10:29.649,236,0.6463
12:10:29.850,236,0.6459
12:10:30.052,236,0.6471
12:10:30.254,236,0.6464
12:10:30.454,236,0.6453
12:10:30.656,236,0.6459
12:10:30.858,236,0.6471
12:10:31.059,237,0.6464
12:10:31.260,237,0.6467
12:10:31.462,237,0.6483
12:10:31.664,237,0.6479
12:10:31.865,237,0.6469
12:10:32.066,237,0.647
12:10:32.268,237,0.6457
12:10:32.469,237,0.6455
12:10:32.671,237,0.6461
12:10:32.872,237,0.6458
12:10:33.074,238,0.6456
12:10:33.276,238,0.6475
12:10:33.477,238,0.646
12:10:33.678,238,0.6457
12:10:33.879,238,0.6462
12:10:34.081,238,0.6473
12:10:34.282,238,0.6472
12:10:34.483,238,0.6472
12:10:34.686,238,0.6486
12:10:34.887,238,0.6488
12:10:35.088,239,0.6475
12:10:35.290,239,0.6481
12:10:35.491,239,0.6478
12:10:35.692,239,0.6476
12:10:35.894,239,0.6495
12:10:36.096,239,0.6501
12:10:36.297,239,0.6505
12:10:36.499,239,0.6521
12:10:36.700,239,0.6525
12:10:36.901,239,0.6513
12:10:37.102,240,0.6485
12:10:37.304,240,0.6424
12:10:37.506,240,0.6378
12:10:37.707,240,0.6369
12:10:37.909,240,0.6377
12:10:38.110,240,0.6375
12:10:38.311,240,0.6381
12:10:38.513,240,0.6406
12:10:38.714,240,0.6415
12:10:38.916,240,0.6421
12:10:39.118,241,0.6432
12:10:39.319,241,0.6432
12:10:39.520,241,0.6432
12:10:39.722,241,0.6453
12:10:39.923,241,0.6452
12:10:40.124,241,0.6459
12:10:40.326,241,0.6464
12:10:40.528,241,0.6473
12:10:40.729,241,0.6466
12:10:40.930,241,0.6468
12:10:41.132,242,0.649
12:10:41.333,242,0.6491
12:10:41.534,242,0.6491
12:10:41.736,242,0.6505
12:10:41.938,242,0.6494
12:10:42.139,242,0.65
12:10:42.341,242,0.6511
12:10:42.542,242,0.6511
12:10:42.744,242,0.6519
12:10:42.945,242,0.653
12:10:43.147,243,0.6531
12:10:43.348,243,0.6517
12:10:43.549,243,0.6515
12:10:43.751,243,0.6521
12:10:43.952,243,0.6497
12:10:44.153,243,0.6481
12:10:44.355,243,0.6485
12:10:44.557,243,0.648
12:10:44.758,243,0.6477
12:10:44.960,243,0.6489
12:10:45.161,244,0.649
12:10:45.362,244,0.6491
12:10:45.564,244,0.6505
12:10:45.765,244,0.6508
12:10:45.967,244,0.6509
12:10:46.169,244,0.6517
12:10:46.370,244,0.6515
12:10:46.571,244,0.6507
12:10:46.772,244,0.6509
12:10:46.974,244,0.6524
12:10:47.176,245,0.6527
12:10:47.377,245,0.6529
12:10:47.579,245,0.6544
12:10:47.780,245,0.6547
12:10:47.981,245,0.6541
12:10:48.183,245,0.6545
12:10:48.384,245,0.6534
12:10:48.586,245,0.6526
12:10:48.788,245,0.6521
12:10:48.989,245,0.6511
12:10:49.191,246,0.6518
12:10:49.392,246,0.653
12:10:49.594,246,0.6524
12:10:49.794,246,0.6527
12:10:49.996,246,0.6521
12:10:50.198,246,0.6532
12:10:50.399,246,0.6518
12:10:50.600,246,0.6516
12:10:50.802,246,0.6521
12:10:51.004,246,0.6518
12:10:51.204,247,0.6516
12:10:51.406,247,0.6529
12:10:51.608,247,0.6523
12:10:51.809,247,0.6533
12:10:52.011,247,0.654
12:10:52.212,247,0.6544
12:10:52.414,247,0.6533
12:10:52.615,247,0.6546
12:10:52.817,247,0.6534
12:10:53.018,247,0.6519
12:10:53.219,248,0.651
12:10:53.421,248,0.6511
12:10:53.622,248,0.6511
12:10:53.823,248,0.6518
12:10:54.026,248,0.6516
12:10:54.227,248,0.6508
12:10:54.428,248,0.6502
12:10:54.630,248,0.6513
12:10:54.831,248,0.6519
12:10:55.032,248,0.6531
12:10:55.234,249,0.6545
12:10:55.436,249,0.6548
12:10:55.637,249,0.6549
12:10:55.839,249,0.6557
12:10:56.040,249,0.6548
12:10:56.241,249,0.655
12:10:56.442,249,0.6543
12:10:56.644,249,0.6546
12:10:56.846,249,0.6541
12:10:57.047,249,0.6531
12:10:57.249,250,0.6545
12:10:57.450,250,0.6541
12:10:57.651,250,0.6538
12:10:57.853,250,0.6557
12:10:58.055,250,0.6541
12:10:58.256,250,0.6524
12:10:58.458,250,0.6527
12:10:58.659,250,0.6514
12:10:58.860,250,0.6521
12:10:59.062,250,0.6532
12:10:59.263,251,0.6525
12:10:59.465,251,0.6541
12:10:59.666,251,0.6538
12:10:59.868,251,0.6557
12:11:00.069,251,0.6562
12:11:00.270,251,0.6559
12:11:00.472,251,0.6577
12:11:00.673,251,0.6561
12:11:00.875,251,0.6551
12:11:01.077,251,0.6551
12:11:01.278,252,0.6545
12:11:01.479,252,0.654
12:11:01.681,252,0.6551
12:11:01.882,252,0.6545
12:11:02.083,252,0.6547
12:11:02.285,252,0.6563
12:11:02.487,252,0.6559
12:11:02.688,252,0.655
12:11:02.889,252,0.6557
12:11:03.091,252,0.657
12:11:03.292,253,0.657
12:11:03.494,253,0.6592
12:11:03.695,253,0.6592
12:11:03.897,253,0.6578
12:11:04.098,253,0.6569
12:11:04.300,253,0.6584
12:11:04.501,253,0.6587
12:11:04.703,253,0.6596
12:11:04.904,253,0.6608
12:11:05.106,253,0.661
12:11:05.307,254,0.6611
12:11:05.509,254,0.6639
12:11:05.710,254,0.6658
12:11:05.911,254,0.6663
12:11:06.112,254,0.6673
12:11:06.314,254,0.6694
12:11:06.515,254,0.6686
12:11:06.717,254,0.6681
12:11:06.919,254,0.6692
12:11:07.120,254,0.6692
12:11:07.321,255,0.6685
12:11:07.523,255,0.6709
12:11:07.724,255,0.6717
12:11:07.926,255,0.6715
12:11:08.128,255,0.6728
12:11:08.329,255,0.6723
12:11:08.530,255,0.6719
12:11:08.732,255,0.6731
12:11:08.933,255,0.6717
12:11:09.134,255,0.6708
12:11:09.336,255,0.6703
12:11:09.538,255,0.6706
12:11:09.739,255,0.6715
12:11:09.940,255,0.6707
12:11:10.142,255,0.6716
12:11:10.344,255,0.6701
12:11:10.544,255,0.6705
12:11:10.746,255,0.6721
12:11:10.948,255,0.6725
12:11:11.149,255,0.6721
12:11:11.351,255,0.6718
12:11:11.552,255,0.6709
12:11:11.754,255,0.6689
12:11:11.955,255,0.6711
12:11:12.157,255,0.6705
12:11:12.358,255,0.67
12:11:12.559,255,0.6697
12:11:12.761,255,0.6717
12:11:12.962,255,0.6708
12:11:13.163,255,0.6689
12:11:13.365,255,0.6711
12:11:13.567,255,0.6718
12:11:13.768,255,0.6702
12:11:13.970,255,0.6713
12:11:14.171,255,0.6692
12:11:14.373,255,0.6685
12:11:14.575,255,0.6687
12:11:14.775,255,0.6668
12:11:14.977,255,0.6662
12:11:15.179,255,0.6666
12:11:15.380,255,0.6661
12:11:15.581,255,0.6672
12:11:15.782,255,0.6658
12:11:15.984,255,0.6677
12:11:16.186,255,0.6675
12:11:16.386,255,0.6681
12:11:16.589,255,0.6685
12:11:16.790,255,0.6681
12:11:16.991,255,0.6643
12:11:17.193,255,0.6618
12:11:17.394,255,0.6588
12:11:17.596,255,0.6561
12:11:17.797,255,0.6565
12:11:17.999,255,0.6546
12:11:18.200,255,0.6527
12:11:18.402,255,0.6522
12:11:18.603,255,0.6525
12:11:18.804,255,0.6521
12:11:19.006,255,0.6525
12:11:19.208,255,0.6506
12:11:19.409,255,0.6452
12:11:19.610,255,0.6522
12:11:19.812,255,0.6589
12:11:20.013,255,0.6618
12:11:20.214,255,0.663
